PRAGMA foreign_keys=OFF;
BEGIN TRANSACTION;
CREATE TABLE smk(
ID_SEKOLAH INT PRIMARY KEY NOT NULL,
NAMA_SEKOLAH TEXT NOT NULL,
LONGTITUDE TEXT NOT NULL,
LATITUDE TEXT NOT NULL
);
INSERT INTO smk VALUES(1,'SMK NEGERI 1 SURABAYA','-7,30569580','112,731777');
INSERT INTO smk VALUES(2,'SMK NEGERI 2 SURABAYA','-7,25832210','112,722631');
INSERT INTO smk VALUES(3,'SMK NEGERI 3 SURABAYA','-7,34326120','112,727632');
INSERT INTO smk VALUES(4,'SMK NEGERI 4 SURABAYA','-7,25645310','112,728054');
INSERT INTO smk VALUES(5,'SMK NEGERI 5 SURABAYA','-7,26503900','112,766919');
INSERT INTO smk VALUES(6,'SMK NEGERI 7 SURABAYA','-7,25108370','112,729057');
INSERT INTO smk VALUES(7,'SMK NEGERI 8 SURABAYA','-7,25335860','112,743935');
INSERT INTO smk VALUES(8,'SMK NEGERI 10 SURABAYA','-7,29334800','112,798046');
INSERT INTO smk VALUES(9,'SMK NEGERI 12 SURABAYA','-7,34074040','112,737620');
INSERT INTO smk VALUES(10,'SMK PGRI 1 SURABAYA','-7,32129240','112,736536');
INSERT INTO smk VALUES(11,'SMK PGRI 3 SURABAYA','-7,32126570','112,729970');
INSERT INTO smk VALUES(12,'SMK PGRI 4 SURABAYA','-7,25557470','112,782233');
INSERT INTO smk VALUES(13,'SMK PGRI 5 SURABAYA','-7,30304820','112,731053');
INSERT INTO smk VALUES(14,'SMK PGRI 6 SURABAYA','-7,23917030','112,762433');
INSERT INTO smk VALUES(15,'SMK PGRI 7 SURABAYA','-7,30734140','112,664408');
INSERT INTO smk VALUES(16,'SMK PGRI 10 SURABAYA','-7,27921200','112,729253');
INSERT INTO smk VALUES(17,'SMK PGRI 13 SURABAYA','-7,30881800','112,751015');
INSERT INTO smk VALUES(18,'SMK PGRI 14 SURABAYA','-7,31815980','112,708061');
INSERT INTO smk VALUES(19,'SMK MUHAMMADIYAH 1 SURABAYA','-7,24013970','112,747553');
INSERT INTO smk VALUES(20,'SMK MUHAMMADIYAH 2 SURABAYA','-7,33121350','112,702262');
INSERT INTO smk VALUES(21,'SMK KAL 1 SURABAYA','-7,22146620','112,717049');
INSERT INTO smk VALUES(22,'SMK KAL 2 SURABAYA','-7,21759550','112,726816');
INSERT INTO smk VALUES(23,'SMK SIANG 1 SURABAYA','-7,26976750','112,703726');
INSERT INTO smk VALUES(24,'SMK SIANG 2 SURABAYA','-7,26987110','112,703620');
INSERT INTO smk VALUES(25,'SMK RAJASA SURABAYA','-7,25878130','112,740635');
INSERT INTO smk VALUES(26,'SMK FARMASI  SURABAYA','-7,28036590','112,701888');
INSERT INTO smk VALUES(27,'SMK FARMASI SEKESAL SURABAYA','-7,31019260','112,734560');
INSERT INTO smk VALUES(28,'SMK KESEHATAN NUSANTARA SURABAYA','-7,26218180','112,740111');
INSERT INTO smk VALUES(29,'SMK KESEHATAN SURABAYA','-7,30885730','112,781247');
INSERT INTO smk VALUES(30,'SMK KESEHATAN BINA HUSADA SURABAYA','-7,24613170','112,764332');
INSERT INTO smk VALUES(31,'SMK TRIYASA SURABAYA','-7,24590860','112,752299');
INSERT INTO smk VALUES(32,'SMK ABI SURABAYA','-7,26525570','112,745500');
INSERT INTO smk VALUES(33,'SMK BUBUTAN SURABAYA','-7,25051030','112,732996');
INSERT INTO smk VALUES(34,'SMK BERDIKARI 1 SURABAYA','-7,26535210','112,760781');
INSERT INTO smk VALUES(35,'SMK BERDIKARI 2 SURABAYA','-7,24649700','112,749661');
INSERT INTO smk VALUES(36,'SMK KARTIKA 1 SURABAYA','-7,30876990','112,711864');
INSERT INTO smk VALUES(37,'SMK KARTIKA 2 SURABAYA','-7,30872030','112,711843');
INSERT INTO smk VALUES(38,'SMK DHARMA BHAKTI SURABAYA','-7,34114400','112,725999');
INSERT INTO smk VALUES(39,'SMK DHARMA BAHARI SURABAYA','-7,26202980','112,670482');
INSERT INTO smk VALUES(40,'SMK KRISTEN PETRA SURABAYA','-7,32970650','112,736177');
INSERT INTO smk VALUES(41,'SMK PURUHITA SURABAYA','-7,30366140','112,746790');
INSERT INTO smk VALUES(42,'SMK KETINTANG SURABAYA','-7,30891010','112,727571');
INSERT INTO smk VALUES(43,'SMK TUNAS WIJAYA SURABAYA','-7,29616770','112,739428');
INSERT INTO smk VALUES(44,'SMK BRAWIJAYA SURABAYA','-7,29614100','112,732862');
INSERT INTO smk VALUES(45,'SMK WIJAYA SURABAYA','-7,30670050','112,736705');
INSERT INTO smk VALUES(46,'SMK WIJAYA PUTRA SURABAYA','-7,24553990','112,629552');
INSERT INTO smk VALUES(47,'SMK WONOKROMO SURABAYA','-7,30227310','112,727308');
INSERT INTO smk VALUES(48,'SMK ANTARTIKA SURABAYA','-7,27371160','112,722838');
INSERT INTO smk VALUES(49,'SMK KATOLIK ST.LOUIS SURABAYA','-7,25751390','112,718956');
INSERT INTO smk VALUES(50,'SMK KAWUNG 1 SURABAYA','-7,23711840','112,727989');
INSERT INTO smk VALUES(51,'SMK KAWUNG 2 SURABAYA','-7,27067830','112,709529');
INSERT INTO smk VALUES(52,'SMK TRI GUNA BHAKTI SURABAYA','-7,23280180','112,774851');
INSERT INTO smk VALUES(53,'SMK GEMA 45 SURABAYA','-7,29088970','112,719370');
INSERT INTO smk VALUES(54,'SMK TANWIR SURABAYA','-7,26671840','112,724330');
INSERT INTO smk VALUES(55,'SMK BAHRUL ULUM SURABAYA','-7,27568470','112,718354');
INSERT INTO smk VALUES(56,'SMK GIKI 1 SURABAYA','-7,27622820','112,709217');
INSERT INTO smk VALUES(57,'SMK PUTRA AIRLANGGA SURABAYA','-7,23339020','112,762591');
INSERT INTO smk VALUES(58,'SMK TEKNIK PAL SURABAYA','-7,20606610','112,744024');
INSERT INTO smk VALUES(59,'SMK AL-IRSYAD SURABAYA','-7,22419380','112,738916');
INSERT INTO smk VALUES(60,'SMK ARIF RAHMAN HAKIM SURABAYA','-7,22416710','112,732350');
INSERT INTO smk VALUES(61,'SMK AL-ISLAM SURABAYA','-7,21534430','112,751164');
INSERT INTO smk VALUES(62,'SMK BARUNAWATI SURABAYA','-7,22108640','112,729693');
INSERT INTO smk VALUES(63,'SMK WAHANA KARYA SURABAYA','-7,32349940','112,655309');
INSERT INTO smk VALUES(64,'SMK SARI PRAJA SURABAYA','-7,26424880','112,667326');
INSERT INTO smk VALUES(65,'SMK WARI MARITIM SURABAYA','-7,27205860','112,662426');
INSERT INTO smk VALUES(66,'SMK PEMBANGUNAN SURABAYA','-7,27077870','112,700357');
INSERT INTO smk VALUES(67,'SMK KARTINI SURABAYA','-7,26986800','112,704308');
INSERT INTO smk VALUES(68,'SMK PAWIYATAN SURABAYA','-7,26416180','112,709515');
INSERT INTO smk VALUES(69,'SMK PELAYARAN BHAKTI SAMUDERA SURABAYA','-7,27390600','112,701714');
INSERT INTO smk VALUES(70,'SMK SEJAHTERA SURABAYA','-7,26371320','112,709625');
INSERT INTO smk VALUES(71,'SMK TARUNA SURABAYA','-7,20711760','112,644436');
INSERT INTO smk VALUES(72,'SMK WAHID HASYIM SURABAYA','-7,23207430','112,757372');
INSERT INTO smk VALUES(73,'SMK WAHID HASYIM 2 SURABAYA','-7,24542550','112,633941');
INSERT INTO smk VALUES(74,'SMK GARUDA SURABAYA','-7,27214890','112,662189');
INSERT INTO smk VALUES(75,'SMK TAMAN SISWA SURABAYA','-7,26384690','112,671778');
INSERT INTO smk VALUES(76,'SMK PERDANA SURABAYA','-7,31800080','112,774441');
INSERT INTO smk VALUES(77,'SMK AL ISAH SURABAYA','-7,33301770','112,766917');
INSERT INTO smk VALUES(78,'SMK PRAPANCA SURABAYA','-7,30809980','112,771099');
INSERT INTO smk VALUES(79,'SMK PRAPANCA 2 SURABAYA','-7,30829540','112,770953');
INSERT INTO smk VALUES(80,'SMK ADHIKAWACANA SURABAYA','-7,29335560','112,7973681');
INSERT INTO smk VALUES(81,'SMK YESTA SURABAYA','-7,30113250','1127668918');
INSERT INTO smk VALUES(82,'SMK 17 AGUSTUS 1945 SURABAYA','-7,30055770','112,7643403');
INSERT INTO smk VALUES(83,'SMK IPIEMS SURABAYA','-7,28592870','112,7610283');
INSERT INTO smk VALUES(84,'SMK GAMA CENDEKIA SURABAYA','-7,26061570','112,7725343');
INSERT INTO smk VALUES(85,'SMK PARIWISATA SATYA WIDYA SURABAYA','-7,27458460','112,7600442');
INSERT INTO smk VALUES(86,'SMK MAHARDHIKA SURABAYA','-7,30263040','112,7584184');
INSERT INTO smk VALUES(87,'SMK METRIKA SURABAYA','-7,28320200','112,7531702');
INSERT INTO smk VALUES(88,'SMK DR.SOETOMO SURABAYA','-7,27334740','112,7610004');
INSERT INTO smk VALUES(89,'SMK 45 SURABAYA','-7,27267420','112,7620733');
INSERT INTO smk VALUES(90,'SMK KATOLIK MATER AMABILIS SURABAYA','-7,25565830','112,7529447');
INSERT INTO smk VALUES(91,'SMK TRI TUNGGAL SURABAYA','-7,24685510','112,7634247');
INSERT INTO smk VALUES(92,'SMK DIPONEGORO SURABAYA','-7,26284690','112,7558063');
INSERT INTO smk VALUES(93,'SMK INDO BARUNA SURABAYA','-7,24668420','112,7635698');
INSERT INTO smk VALUES(94,'SMK IKIP SURABAYA','-7,23518560','112,7296737');
INSERT INTO smk VALUES(95,'SMK YPPI SURABAYA','-7,24577','112,742528');
INSERT INTO smk VALUES(96,'SMK PELAYARAN YOS SUDARSO SURABAYA','-7,275226','112,763387');
INSERT INTO smk VALUES(97,'SMK WIRA MARITIM SURABAYA','-7,272019','112,664577');
INSERT INTO smk VALUES(98,'SMK SITI AMINAH SURABAYA','-7,316369','112,705741');
INSERT INTO smk VALUES(99,'SMK NUR MEDIKA SURABAYA','-7,266747','112,707453');
INSERT INTO smk VALUES(100,'SMK ISLAM AL-AMAL SURABAYA','-7,215423','112,751748');
INSERT INTO smk VALUES(101,'SMK KESEHATAN TERPADU SURABAYA','-7,268851','112,659577');
INSERT INTO smk VALUES(102,'SMK KRISTEN HARAPAN SEJATI SURABAYA','-7,278760','112,676053');
INSERT INTO smk VALUES(103,'SMK UNITOMO SURABAYA','-7,298492','112,767424');
INSERT INTO smk VALUES(104,'SMK IHYAUSSLAFIYAH SURABAYA','-7,229906','112,749502');
INSERT INTO smk VALUES(105,'SMK AL ISLAH SURABAYA','-7,333036','112,769106');
INSERT INTO smk VALUES(106,'SMK AL AMIN SURABAYA','-7,338673','112,768580');
CREATE TABLE jurusan(
ID_JURUSAN INT PRIMARY KEY NOT NULL,
NAMA_JURUSAN TEXT NOT NULL
);
INSERT INTO jurusan VALUES(1,'Administrasi Perkantoran');
INSERT INTO jurusan VALUES(2,'Akomodasi Perhotelan');
INSERT INTO jurusan VALUES(3,'Akuntansi');
INSERT INTO jurusan VALUES(4,'Akuntansi dan Keuangan Lembaga');
INSERT INTO jurusan VALUES(5,'Analisa Kesehatan');
INSERT INTO jurusan VALUES(6,'Animasi');
INSERT INTO jurusan VALUES(7,'Bisnis Daring dan Pemasaran');
INSERT INTO jurusan VALUES(8,'Broadcasting');
INSERT INTO jurusan VALUES(9,'Desain Grafis');
INSERT INTO jurusan VALUES(10,'Desain Interior dan Landscapping');
INSERT INTO jurusan VALUES(11,'Desain Komunikasi Visual');
INSERT INTO jurusan VALUES(12,'Desain Pemodelan dan Informasi Bangungan');
INSERT INTO jurusan VALUES(13,'Desain Web');
INSERT INTO jurusan VALUES(14,'Farmasi');
INSERT INTO jurusan VALUES(15,'Fotografi');
INSERT INTO jurusan VALUES(16,'Jasa Butik');
INSERT INTO jurusan VALUES(17,'Keperawatan');
INSERT INTO jurusan VALUES(18,'Kimia Industri');
INSERT INTO jurusan VALUES(19,'Konstruksi Gedung , Sanitasi dan Perawatan');
INSERT INTO jurusan VALUES(20,'Kria Kayu');
INSERT INTO jurusan VALUES(21,'Kria Kulit');
INSERT INTO jurusan VALUES(22,'Multimedia');
INSERT INTO jurusan VALUES(23,'Neutika Kapal Niaga');
INSERT INTO jurusan VALUES(24,'Otomatisasi dan Tata Kelola Perkantoran');
INSERT INTO jurusan VALUES(25,'Pemasaran');
INSERT INTO jurusan VALUES(26,'Pengawasan Mutu Pangan');
INSERT INTO jurusan VALUES(27,'Perawatan Kesehatan');
INSERT INTO jurusan VALUES(28,'Perbankan');
INSERT INTO jurusan VALUES(29,'Perdagangan');
INSERT INTO jurusan VALUES(30,'Rekayasa Perangkat Lunak / Software Programming');
INSERT INTO jurusan VALUES(31,'Sistem Informatika, Jaringan dan Aplikasi');
INSERT INTO jurusan VALUES(32,'Tata Boga Restoran');
INSERT INTO jurusan VALUES(33,'Tata Boga');
INSERT INTO jurusan VALUES(34,'Tata Busana');
INSERT INTO jurusan VALUES(35,'Tata Kecantikan Kulit');
INSERT INTO jurusan VALUES(36,'Tata Kecantikan Rambut');
INSERT INTO jurusan VALUES(37,'Tata Laksana Kapal Niaga');
INSERT INTO jurusan VALUES(38,'Teknik Audio Video / Elektronika');
INSERT INTO jurusan VALUES(39,'Teknik dan Bisnis Sepeda Motor');
INSERT INTO jurusan VALUES(40,'Teknik dan Manajemen Perawatan Otomotif');
INSERT INTO jurusan VALUES(41,'Teknik Elektronika Daya dan Komunikasi');
INSERT INTO jurusan VALUES(42,'Teknik Elektronika Industri');
INSERT INTO jurusan VALUES(43,'Teknik Fabrikasi Logam dan Manufakturing');
INSERT INTO jurusan VALUES(44,'Teknik Gambar Bangunan dan Konstruksi Batu Beton');
INSERT INTO jurusan VALUES(45,'Teknik Gambar Bangunan');
INSERT INTO jurusan VALUES(46,'Teknik Instalasi Pemesinan Kapal');
INSERT INTO jurusan VALUES(47,'Teknik Instalasi Tenaga Listrik');
INSERT INTO jurusan VALUES(48,'Teknik Kendaraan Ringan Otomotif');
INSERT INTO jurusan VALUES(49,'Teknik Komputer dan Jaringan');
INSERT INTO jurusan VALUES(50,'Teknik Konstruksi Batu Beton');
INSERT INTO jurusan VALUES(51,'Teknik Konstruksi dan Properti');
INSERT INTO jurusan VALUES(52,'Teknik Konstruksi Kapal Baja');
INSERT INTO jurusan VALUES(53,'Teknik Mesin Kapal Niaga');
INSERT INTO jurusan VALUES(54,'Teknik Otomasi Industri');
INSERT INTO jurusan VALUES(55,'Teknik Otomotif');
INSERT INTO jurusan VALUES(56,'Teknik Pemesinan');
INSERT INTO jurusan VALUES(57,'Teknik Pendingin dan Tata Udara');
INSERT INTO jurusan VALUES(58,'Teknik Pengelasan');
INSERT INTO jurusan VALUES(59,'Teknik Produksi dan Penyiaran Radio dan Pertevilisian');
INSERT INTO jurusan VALUES(60,'Teknik Sepeda Motor');
INSERT INTO jurusan VALUES(61,'Teknik Tenaga Listrik');
INSERT INTO jurusan VALUES(62,'Teknika Kapal Niaga');
INSERT INTO jurusan VALUES(63,'Usaha Jasa Pariwisata');
INSERT INTO jurusan VALUES(64,'Videografi');
CREATE TABLE smk_jurusan(
ID_SEKOLAH INT NOT NULL,
ID_JURUSAN INT NOT NULL,
FOREIGN KEY (ID_SEKOLAH) REFERENCES smk(ID_SEKOLAH),
FOREIGN KEY (ID_JURUSAN) REFERENCES jurusan(ID_JURUSAN)
);
INSERT INTO smk_jurusan VALUES(1,2);
INSERT INTO smk_jurusan VALUES(1,4);
INSERT INTO smk_jurusan VALUES(1,7);
INSERT INTO smk_jurusan VALUES(1,11);
INSERT INTO smk_jurusan VALUES(1,22);
INSERT INTO smk_jurusan VALUES(1,24);
INSERT INTO smk_jurusan VALUES(1,30);
INSERT INTO smk_jurusan VALUES(1,49);
INSERT INTO smk_jurusan VALUES(1,59);
INSERT INTO smk_jurusan VALUES(2,6);
INSERT INTO smk_jurusan VALUES(2,12);
INSERT INTO smk_jurusan VALUES(2,19);
INSERT INTO smk_jurusan VALUES(2,30);
INSERT INTO smk_jurusan VALUES(2,31);
INSERT INTO smk_jurusan VALUES(2,38);
INSERT INTO smk_jurusan VALUES(2,39);
INSERT INTO smk_jurusan VALUES(2,40);
INSERT INTO smk_jurusan VALUES(2,41);
INSERT INTO smk_jurusan VALUES(2,43);
INSERT INTO smk_jurusan VALUES(2,47);
INSERT INTO smk_jurusan VALUES(2,48);
INSERT INTO smk_jurusan VALUES(2,56);
INSERT INTO smk_jurusan VALUES(2,61);

INSERT INTO smk_jurusan VALUES(2,61);
INSERT INTO smk_jurusan VALUES(2,61);
INSERT INTO smk_jurusan VALUES(2,61);
INSERT INTO smk_jurusan VALUES(2,61);
INSERT INTO smk_jurusan VALUES(2,61);
INSERT INTO smk_jurusan VALUES(2,61);  
INSERT INTO smk_jurusan VALUES(2,61);
INSERT INTO smk_jurusan VALUES(8,1);
COMMIT;
